<?xml version="1.0" encoding="utf-8"?>
<install type="component" version="1.5.0" >
	<name>Careers</name>
	<author>Hoc Tran</author>
	<creationDate>2007</creationDate>
	<copyright>Copyright (C) 2005 - 2008 Open Source Matters. All rights reserved.</copyright>
	<license>http://www.gnu.org/licenses/gpl-2.0.html GNU/GPL</license>
	<authorEmail>admin@joomla.org</authorEmail>
	<authorUrl>www.joomla.org</authorUrl>
	<version>1.5.0</version>
	<description>This is component Careers</description>
	<administration>
		<menu>Manage Careers</menu>
	</administration>
	<files>
		<filename>index.html</filename>
		<filename>careers.php</filename>
		<filename>controller.php</filename>
		<filename>admin.careers.php</filename>
		<filename>admin.careers.html.php</filename>
		<filename>careers_library.php</filename>
		<filename>image.php</filename>
		<filename>router.php</filename>
		<filename>sync.php</filename>
		<filename>syncresume.php</filename>
		<filename>toolbar.careers.php</filename>
		<filename>toolbar.careers.html.php</filename>
		<folder>models</folder>
		<folder>views</folder>
	</files>		
</install>
